{
  "title": "MonteCarlo_v2_Q_values",
  "description": "Q-values for state-action pairs",
  "shape": [
    5,
    5,
    4
  ],
  "action_map": {
    "0": "UP",
    "1": "DOWN",
    "2": "LEFT",
    "3": "RIGHT"
  },
  "q_values": {
    "(0,0)": [
      -3.018903691500913,
      -3.7087331414139086,
      -3.734851044579258,
      -3.097577399118323
    ],
    "(0,1)": [
      -2.801339801135672,
      -2.8828507986170755,
      -3.5752764274243796,
      -2.1242158655449543
    ],
    "(0,2)": [
      -1.0850633221919765,
      -2.2310761480720926,
      -2.8612505246584967,
      -1.4791459084793694
    ],
    "(0,3)": [
      -0.3642229092290957,
      -1.2801157931834397,
      -1.8263365990484948,
      -1.7997461883537433
    ],
    "(0,4)": [
      -2.155088537399138,
      -2.8917717548741004,
      -0.9511488826914268,
      -2.567139961295244
    ],
    "(1,0)": [
      -2.0663350600524653,
      -3.2918476874988754,
      -2.7943390909688315,
      -2.432084876281515
    ],
    "(1,1)": [
      -2.8602640259420555,
      -3.0143969116615916,
      -3.410237264702207,
      -1.0360071918271858
    ],
    "(1,2)": [
      0.45710602596307837,
      -1.8973071410629885,
      -1.886374959840519,
      0.028700224544862988
    ],
    "(1,3)": [
      0.024715952613140562,
      -1.263755280056801,
      -0.8714240674524767,
      1.2593173393807915
    ],
    "(1,4)": [
      3.285385329684992,
      -1.2946035003763883,
      0.48472943294619464,
      1.6246704038863413
    ],
    "(2,0)": [
      -0.9579981997722313,
      -2.721484228188735,
      -2.243499419265257,
      -2.319963568827117
    ],
    "(2,1)": [
      0.0,
      0.0,
      0.0,
      0.0
    ],
    "(2,2)": [
      2.120333674431821,
      -0.35364813769437686,
      0.7762833114805963,
      0.7220756566791694
    ],
    "(2,3)": [
      0.0,
      0.0,
      0.0,
      0.0
    ],
    "(2,4)": [
      5.6781898774739,
      2.274750578500939,
      4.126851567611928,
      4.289297981346154
    ],
    "(3,0)": [
      -0.14332686589844923,
      -1.4216532831641635,
      -0.96600721783595,
      0.43344567664193007
    ],
    "(3,1)": [
      1.4926682590504807,
      0.4024477278314315,
      -0.17178809370100367,
      2.038126981634513
    ],
    "(3,2)": [
      3.6784777785718386,
      1.2048577489605845,
      1.0822231262596065,
      3.8152353118288707
    ],
    "(3,3)": [
      5.437105332546373,
      4.172215956264924,
      2.9251712158859067,
      5.996571225465319
    ],
    "(3,4)": [
      8.1966786388229,
      4.337454274779593,
      4.703844505537177,
      6.233626109407728
    ],
    "(4,0)": [
      0.015755822904963558,
      -1.7662259734677819,
      -0.6501450312746146,
      1.4379242493172082
    ],
    "(4,1)": [
      1.485765788100037,
      0.10336292340605624,
      -0.09104159604526856,
      3.2569361684307796
    ],
    "(4,2)": [
      3.3645058394188827,
      2.606143582611602,
      1.7564937743336126,
      5.579323719857243
    ],
    "(4,3)": [
      5.655885959732921,
      4.6955374982248514,
      4.20001610371531,
      8.227810067097709
    ],
    "(4,4)": [
      0.0,
      0.0,
      0.0,
      0.0
    ]
  }
}