{
  "title": "MonteCarlo_v2_Q_values",
  "description": "Q-values for state-action pairs",
  "shape": [
    5,
    5,
    4
  ],
  "action_map": {
    "0": "UP",
    "1": "DOWN",
    "2": "LEFT",
    "3": "RIGHT"
  },
  "q_values": {
    "(0,0)": [
      -3.2471309900130216,
      -3.7073991312283296,
      -3.825868774443181,
      -2.864639423000923
    ],
    "(0,1)": [
      -2.1261440219531256,
      -3.786361331945649,
      -3.180352333792506,
      -2.895498509571907
    ],
    "(0,2)": [
      -1.048873142323136,
      -2.7831686708036503,
      -2.0732476778396656,
      -1.6925293050835692
    ],
    "(0,3)": [
      0.19679860994284165,
      -1.5664361974113927,
      -1.2431493557102544,
      -0.2851454442614464
    ],
    "(0,4)": [
      0.31136089347277807,
      -0.6815543578324648,
      0.25392077530757795,
      1.5754640568070257
    ],
    "(1,0)": [
      -2.597460684069337,
      -3.054351132146925,
      -3.6598679532172707,
      -1.9020118966615192
    ],
    "(1,1)": [
      -1.344539312264089,
      -3.3913617557314404,
      -3.0124183605822266,
      -2.656741540650971
    ],
    "(1,2)": [
      -0.008246074485185573,
      -2.243547217515954,
      -2.2200490952244087,
      -0.869111157527335
    ],
    "(1,3)": [
      1.4442613268929416,
      -1.169033182861678,
      -0.5021165882310972,
      0.00962459190244979
    ],
    "(1,4)": [
      2.107621347735278,
      0.5879423947451519,
      0.39337202147213035,
      3.402405019620402
    ],
    "(2,0)": [
      -1.986540763267205,
      -2.095342677769562,
      -2.903758457918644,
      -0.8141549832624911
    ],
    "(2,1)": [
      0.0,
      0.0,
      0.0,
      0.0
    ],
    "(2,2)": [
      0.25163364177352326,
      0.4299595393982834,
      -1.38320874125796,
      2.0978121180561478
    ],
    "(2,3)": [
      0.0,
      0.0,
      0.0,
      0.0
    ],
    "(2,4)": [
      4.001178726907512,
      3.8949950380234126,
      2.467923254274539,
      5.75351418560732
    ],
    "(3,0)": [
      0.5713689312915416,
      -0.8124585731834582,
      -1.757361528241569,
      -0.10512757337219028
    ],
    "(3,1)": [
      2.162190026507771,
      -0.2671582956670182,
      0.6456149395437768,
      1.4398431965929803
    ],
    "(3,2)": [
      3.9009921357613377,
      0.9834975171929448,
      0.49353745896894385,
      3.5417284542884206
    ],
    "(3,3)": [
      6.0723652870221425,
      2.8921924935936048,
      4.351193724357854,
      5.761761420261206
    ],
    "(3,4)": [
      6.179955204655401,
      4.683733192519156,
      4.296748555973091,
      8.274775167582
    ],
    "(4,0)": [
      1.3884922585639528,
      0.001145844516563927,
      -0.6721029277785712,
      0.41591699951156585
    ],
    "(4,1)": [
      3.2582751178751566,
      0.36690342022903766,
      0.6248570620703329,
      1.7725131595528607
    ],
    "(4,2)": [
      5.5115574414154995,
      1.8449696505640871,
      2.6006582407874275,
      3.6218706545069397
    ],
    "(4,3)": [
      8.302807889391,
      3.9482004377814253,
      4.592595586022014,
      6.237523075015705
    ],
    "(4,4)": [
      0.0,
      0.0,
      0.0,
      0.0
    ]
  }
}