{
  "title": "MonteCarlo_v2_Q_values",
  "description": "Q-values for state-action pairs",
  "shape": [
    5,
    5,
    4
  ],
  "action_map": {
    "0": "UP",
    "1": "DOWN",
    "2": "LEFT",
    "3": "RIGHT"
  },
  "q_values": {
    "(0,0)": [
      -3.0294217851635907,
      -3.6256139456489933,
      -3.6065473708443627,
      -2.986810555294779
    ],
    "(0,1)": [
      -2.8979236033000606,
      -3.881550885782672,
      -3.3589064209614423,
      -2.2719498829887144
    ],
    "(0,2)": [
      -1.080345300478001,
      -3.428632226453925,
      -2.5767160172847836,
      -1.1852030359976073
    ],
    "(0,3)": [
      0.033044276414337326,
      -2.392624913685262,
      -2.0716549618909097,
      -0.9784152988058855
    ],
    "(0,4)": [
      -1.895287882052178,
      -1.3450980029692556,
      -1.2621425610210026,
      1.4105615386364243
    ],
    "(1,0)": [
      -2.307598402762751,
      -2.7027121181677947,
      -3.45998175308165,
      -2.018863994466047
    ],
    "(1,1)": [
      -1.0801520781871095,
      -3.0381390925552116,
      -2.991448374451923,
      -2.2853583279550493
    ],
    "(1,2)": [
      -0.04594609507182159,
      -1.9986886285864864,
      -2.2964800464817046,
      0.3245659527009256
    ],
    "(1,3)": [
      1.5669903686074653,
      -0.8068417261400347,
      -2.7873175391851683,
      -0.26479770515866113
    ],
    "(1,4)": [
      1.4756960699442916,
      0.6778200685511582,
      -0.06309476018367054,
      3.4103444445845
    ],
    "(2,0)": [
      -1.846921418663256,
      -1.8175566020984313,
      -2.6393932078775753,
      -0.9380721136139225
    ],
    "(2,1)": [
      0.0,
      0.0,
      0.0,
      0.0
    ],
    "(2,2)": [
      0.5685536338443252,
      0.5286647814263006,
      -0.675967894557332,
      2.0083848805710707
    ],
    "(2,3)": [
      0.0,
      0.0,
      0.0,
      0.0
    ],
    "(2,4)": [
      3.6948561288670927,
      3.7210807672864066,
      2.5076996061903936,
      5.732955178385039
    ],
    "(3,0)": [
      0.42096813446235265,
      -0.6751532804751391,
      -1.5225999486429838,
      0.2283946942322378
    ],
    "(3,1)": [
      2.1849735649342366,
      -0.1933827348193916,
      0.9498702522638248,
      1.6590228751855014
    ],
    "(3,2)": [
      3.795673160219385,
      1.1266077592278272,
      1.1262504231621138,
      3.6923580345170914
    ],
    "(3,3)": [
      5.911297238318038,
      2.940488673833993,
      4.345693134138463,
      5.646167719531944
    ],
    "(3,4)": [
      6.30238198975961,
      4.681783307286039,
      4.18679114627861,
      8.14986185480671
    ],
    "(4,0)": [
      1.4102720917603797,
      0.04810721150430362,
      -0.6330478021255285,
      0.4624736782236198
    ],
    "(4,1)": [
      3.21018774521303,
      0.4632856747919621,
      0.8621475795700104,
      1.9354879300085406
    ],
    "(4,2)": [
      5.441430692226534,
      2.0488416595121466,
      2.547710833788649,
      3.9619656974047572
    ],
    "(4,3)": [
      8.295711689591,
      4.137509749583332,
      4.650703614777216,
      6.356405018839889
    ],
    "(4,4)": [
      0.0,
      0.0,
      0.0,
      0.0
    ]
  }
}