{
  "title": "MonteCarlo_v2_Q_values",
  "description": "Q-values for state-action pairs",
  "shape": [
    5,
    5,
    4
  ],
  "action_map": {
    "0": "UP",
    "1": "DOWN",
    "2": "LEFT",
    "3": "RIGHT"
  },
  "q_values": {
    "(0,0)": [
      -3.369645048457245,
      -3.7519679335281153,
      -3.734034785162368,
      -3.0077375422788815
    ],
    "(0,1)": [
      -2.2967014222988036,
      -3.01354411339231,
      -3.6409365112642607,
      -2.063807668800386
    ],
    "(0,2)": [
      -1.014346695032778,
      -2.1274272363310818,
      -2.8167986398686566,
      -1.1383420064044814
    ],
    "(0,3)": [
      -0.21214202388481432,
      -1.0438146980811043,
      -1.7927423303109866,
      0.08851534161288703
    ],
    "(0,4)": [
      1.3981601708511044,
      0.23200599384748496,
      -0.8815373241492473,
      0.31150557775437354
    ],
    "(1,0)": [
      -3.031895821396816,
      -3.58942175244934,
      -3.2398453862428855,
      -2.2046227199421127
    ],
    "(1,1)": [
      -2.246731395821638,
      -2.870896276394445,
      -2.9649419362527776,
      -1.1795388831725044
    ],
    "(1,2)": [
      0.3941858908139211,
      -1.850517953446225,
      -1.9455471579649777,
      -0.05758363255132776
    ],
    "(1,3)": [
      0.11724897312475144,
      -0.9202085762467307,
      -0.8087116127278016,
      1.419444066021355
    ],
    "(1,4)": [
      3.449369557699302,
      0.3739163860508008,
      0.6451400321881554,
      2.0443389424083263
    ],
    "(2,0)": [
      -1.0775018312239577,
      -4.3703973948342405,
      -4.564400006865123,
      -4.651398336572519
    ],
    "(2,1)": [
      0.0,
      0.0,
      0.0,
      0.0
    ],
    "(2,2)": [
      2.020806761867008,
      -0.694962722413766,
      0.5985816673660039,
      0.9716008771590987
    ],
    "(2,3)": [
      0.0,
      0.0,
      0.0,
      0.0
    ],
    "(2,4)": [
      5.793588614938218,
      2.517060209497622,
      4.132651180309047,
      4.036640810551938
    ],
    "(3,0)": [
      -2.2934712729419338,
      -3.017662421499999,
      -0.9951671903330667,
      0.28704953285847046
    ],
    "(3,1)": [
      -0.9852669730071927,
      -0.7011845239793396,
      -1.2057352853179053,
      1.9263093476885096
    ],
    "(3,2)": [
      3.0597808910798676,
      0.9630036325159822,
      0.5060150692944095,
      3.885558638761059
    ],
    "(3,3)": [
      5.726184600326651,
      4.180787940217546,
      2.535943954887664,
      6.038302668469134
    ],
    "(3,4)": [
      8.2545423448319,
      4.20536911817977,
      4.843362141692718,
      6.078122922510494
    ],
    "(4,0)": [
      -4.680381519549519,
      -4.023417648892239,
      -8.879598450461318,
      -0.2706141584327593
    ],
    "(4,1)": [
      -0.19958658849181443,
      0.0003462691767939367,
      -3.590687185808525,
      3.114368584930576
    ],
    "(4,2)": [
      2.507761876995341,
      2.3407584825288765,
      0.12512272662990367,
      5.567289264875542
    ],
    "(4,3)": [
      5.891363501848779,
      4.342062936094594,
      4.053332716333333,
      8.229956377490998
    ],
    "(4,4)": [
      0.0,
      0.0,
      0.0,
      0.0
    ]
  }
}