{
  "title": "MonteCarlo_v2_Q_values",
  "description": "Q-values for state-action pairs",
  "shape": [
    5,
    5,
    4
  ],
  "action_map": {
    "0": "UP",
    "1": "DOWN",
    "2": "LEFT",
    "3": "RIGHT"
  },
  "q_values": {
    "(0,0)": [
      -3.1670109553087626,
      -3.6972782019737145,
      -3.687673313041646,
      -2.8801190941679966
    ],
    "(0,1)": [
      -2.1652437332552874,
      -3.557063213222763,
      -2.9838816849585994,
      -2.5337675478721136
    ],
    "(0,2)": [
      -1.1044348255094891,
      -2.942275261434724,
      -2.3376262526797866,
      -1.2907075751500234
    ],
    "(0,3)": [
      -0.6474173975249721,
      -2.0066807353326483,
      -1.1721826427513686,
      0.030365595188200995
    ],
    "(0,4)": [
      -0.4698426101849974,
      -1.2467216358053175,
      -0.20612887950784542,
      1.350260363497923
    ],
    "(1,0)": [
      -2.1891662125842135,
      -2.831717915208622,
      -3.5340884552761325,
      -1.9178389437317365
    ],
    "(1,1)": [
      -1.1500187839052447,
      -2.8670813898020455,
      -3.0512738013305745,
      -2.078614935433101
    ],
    "(1,2)": [
      -0.2624592208154871,
      -2.0514936599750984,
      -1.7842162944684574,
      0.40457179128371734
    ],
    "(1,3)": [
      1.5420214372678271,
      -1.1264290072243288,
      -0.46262224836991966,
      0.3609276728808152
    ],
    "(1,4)": [
      1.6595685020073192,
      0.38566229760360493,
      0.4898358050265881,
      3.431800275065657
    ],
    "(2,0)": [
      -1.7548760662265883,
      -1.9268339918300275,
      -2.6349671525335925,
      -0.8230219462956777
    ],
    "(2,1)": [
      0.0,
      0.0,
      0.0,
      0.0
    ],
    "(2,2)": [
      0.6028092661205499,
      0.48318423508089964,
      -0.5896985298996473,
      2.015212123047998
    ],
    "(2,3)": [
      0.0,
      0.0,
      0.0,
      0.0
    ],
    "(2,4)": [
      3.673563798050727,
      4.050139659635572,
      2.414869703588855,
      5.716998894015709
    ],
    "(3,0)": [
      0.5507050352986428,
      -0.63483163698642,
      -1.5916953052930065,
      0.16861310925628833
    ],
    "(3,1)": [
      2.1872826167754855,
      -0.1897810514417299,
      0.8529200067031745,
      1.5985166073658252
    ],
    "(3,2)": [
      3.894848968696084,
      0.9377272916026457,
      1.0944739007311766,
      3.4314722782814635
    ],
    "(3,3)": [
      5.962107452286409,
      2.8409244438385435,
      4.452404924059167,
      5.753683675939439
    ],
    "(3,4)": [
      6.2672072685909574,
      4.362364872516604,
      4.039710960139054,
      8.2167680642239
    ],
    "(4,0)": [
      1.475744159823545,
      0.30096581889670276,
      -0.6263077633792205,
      0.4328072953265338
    ],
    "(4,1)": [
      3.3085813223177123,
      0.29194312814900003,
      0.6750492645000993,
      1.9912075693290385
    ],
    "(4,2)": [
      5.588003112802691,
      2.0849977532195307,
      2.1003972679726424,
      3.744177732037037
    ],
    "(4,3)": [
      8.190221278389343,
      3.9575379117906726,
      4.70437247168825,
      5.939384104553648
    ],
    "(4,4)": [
      0.0,
      0.0,
      0.0,
      0.0
    ]
  }
}