{
  "(0,0)": {
    "u": -2.12945118238285,
    "d": -3.0851710881046635,
    "l": -2.957505064075319,
    "r": -2.5132357802896026
  },
  "(0,1)": {
    "u": -1.1252089048546998,
    "d": -2.6992366338249965,
    "l": -2.371831421696681,
    "r": -1.7509854280146462
  },
  "(0,2)": {
    "u": -0.02586460264258114,
    "d": -1.963283209997427,
    "l": -1.2840056326863007,
    "r": -0.49866852368284637
  },
  "(0,3)": {
    "u": 1.1118911769925284,
    "d": -0.9460158776374331,
    "l": -0.25567828903890777,
    "r": 0.21984631480510303
  },
  "(0,4)": {
    "u": 1.2051186422303952,
    "d": 0.21538078941742408,
    "l": 0.8962111042985892,
    "r": 2.6085803222761643
  },
  "(1,0)": {
    "u": -1.8469696664014026,
    "d": -2.302268009127538,
    "l": -3.0549404754261076,
    "r": -1.5353165458005322
  },
  "(1,1)": {
    "u": -0.40164780804953587,
    "d": -2.302424117222299,
    "l": -2.1726484381204267,
    "r": -1.5395971089908134
  },
  "(1,2)": {
    "u": 0.4213040307425561,
    "d": -1.183462457391345,
    "l": -1.3034315148159785,
    "r": 1.2307421648125125
  },
  "(1,3)": {
    "u": 2.3228623383380294,
    "d": -0.19596027783401887,
    "l": -0.36965758300431895,
    "r": 1.062504118045039
  },
  "(1,4)": {
    "u": 2.6203269454135087,
    "d": 1.6662296993786403,
    "l": 1.0755265672439438,
    "r": 4.511546331776562
  },
  "(2,0)": {
    "u": -1.0970855955606174,
    "d": -1.3264404514019665,
    "l": -2.16673164144562,
    "r": -0.31185530879789863
  },
  "(2,1)": {
    "u": 0.0,
    "d": 0.0,
    "l": 0.0,
    "r": 0.0
  },
  "(2,2)": {
    "u": 1.225727100030769,
    "d": 1.2560782315055317,
    "l": -0.05527013916101026,
    "r": 2.598519302712566
  },
  "(2,3)": {
    "u": 0.0,
    "d": 0.0,
    "l": 0.0,
    "r": 0.0
  },
  "(2,4)": {
    "u": 4.255499185867057,
    "d": 4.498600635402505,
    "l": 3.099101402285059,
    "r": 6.324350800616367
  },
  "(3,0)": {
    "u": 1.1136855907437033,
    "d": -0.20544549583638994,
    "l": -0.815728251773156,
    "r": 0.4561067647352329
  },
  "(3,1)": {
    "u": 2.7605831252714665,
    "d": 0.3962404095391082,
    "l": 1.3447566635199086,
    "r": 2.1618726431150983
  },
  "(3,2)": {
    "u": 3.8710361791205745,
    "d": 1.8404655556816096,
    "l": 1.8787075822252477,
    "r": 4.084832816883289
  },
  "(3,3)": {
    "u": 6.226057670666709,
    "d": 3.681724153163467,
    "l": 4.77753266104513,
    "r": 5.756762712756668
  },
  "(3,4)": {
    "u": 6.936919939371704,
    "d": 5.098290634377924,
    "l": 4.685797810479459,
    "r": 8.539553260507311
  },
  "(4,0)": {
    "u": 1.753743007509337,
    "d": 0.13645641475683296,
    "l": -0.8519284478874141,
    "r": 0.009655033037975831
  },
  "(4,1)": {
    "u": 3.1925543960741467,
    "d": 0.5557093993914531,
    "l": 1.2773259371719468,
    "r": 1.997764918867738
  },
  "(4,2)": {
    "u": 5.96432703869481,
    "d": 2.606426664795431,
    "l": 2.9601307390066003,
    "r": 4.315745517803249
  },
  "(4,3)": {
    "u": 7.794797012442861,
    "d": 4.424311269245236,
    "l": 4.958664464003547,
    "r": 6.293629013528226
  },
  "(4,4)": {
    "u": 0.0,
    "d": 0.0,
    "l": 0.0,
    "r": 0.0
  }
}