{
  "(0,0)": {
    "u": -2.6689614416763003,
    "d": -3.052143886782089,
    "l": -2.9850253506202904,
    "r": -2.2393054758478006
  },
  "(0,1)": {
    "u": -1.9361434410890594,
    "d": -2.923795707963975,
    "l": -2.242802152063831,
    "r": -1.641925720863215
  },
  "(0,2)": {
    "u": -0.9678335966514588,
    "d": -2.101910438755128,
    "l": -1.4298097205561677,
    "r": -0.5185086901667615
  },
  "(0,3)": {
    "u": 0.19240310057772997,
    "d": -0.7687461522819123,
    "l": -0.36054372056295564,
    "r": 0.655590901556035
  },
  "(0,4)": {
    "u": 0.9425777759619731,
    "d": 0.3197146286814017,
    "l": 0.8766117164590831,
    "r": 1.7670033908469822
  },
  "(1,0)": {
    "u": -1.8628758228384634,
    "d": -2.259865700742147,
    "l": -2.9000726219466264,
    "r": -1.0850959855516396
  },
  "(1,1)": {
    "u": -0.4966016634404919,
    "d": -2.1496840871110874,
    "l": -2.214553980997954,
    "r": -1.5547199871248225
  },
  "(1,2)": {
    "u": 0.3409303867718669,
    "d": -1.21942010311919,
    "l": -0.7596401879401639,
    "r": 0.9487752638871214
  },
  "(1,3)": {
    "u": 2.1039077698460864,
    "d": -0.08474922010318128,
    "l": 0.25254531676361025,
    "r": 0.9742321908991958
  },
  "(1,4)": {
    "u": 2.5994430258011114,
    "d": 1.1637797119675886,
    "l": 1.0168953450817422,
    "r": 3.940344862401437
  },
  "(2,0)": {
    "u": -1.3080189798407067,
    "d": -1.2764413748343324,
    "l": -2.0733952965967184,
    "r": 0.011489774712514451
  },
  "(2,1)": {
    "u": 0.0,
    "d": 0.0,
    "l": 0.0,
    "r": 0.0
  },
  "(2,2)": {
    "u": 1.457758875360519,
    "d": 1.2194592241088267,
    "l": 0.0126738269799066,
    "r": 2.7845152160055977
  },
  "(2,3)": {
    "u": 0.0,
    "d": 0.0,
    "l": 0.0,
    "r": 0.0
  },
  "(2,4)": {
    "u": 4.53565924314771,
    "d": 4.624369156661055,
    "l": 3.162788399117712,
    "r": 6.285897625542466
  },
  "(3,0)": {
    "u": 1.465792439080828,
    "d": -0.25772067775487234,
    "l": -1.1325912717111044,
    "r": 0.587297070923922
  },
  "(3,1)": {
    "u": 2.9268877077037327,
    "d": 0.20633846817892992,
    "l": 1.6423691281894577,
    "r": 2.014791515003774
  },
  "(3,2)": {
    "u": 4.547772262306059,
    "d": 1.4971411090064426,
    "l": 1.9625092373275042,
    "r": 3.699359512983391
  },
  "(3,3)": {
    "u": 6.513988162082774,
    "d": 3.65741064479485,
    "l": 4.431438360602622,
    "r": 5.67621887353322
  },
  "(3,4)": {
    "u": 6.53178138535544,
    "d": 5.4781774314735925,
    "l": 4.988184559945181,
    "r": 8.617642733440778
  },
  "(4,0)": {
    "u": 1.9853652199371705,
    "d": 0.6111734119080314,
    "l": 0.03623191764825301,
    "r": 1.0124531038386335
  },
  "(4,1)": {
    "u": 4.207248895500019,
    "d": 0.9953208550399412,
    "l": 1.843986778389493,
    "r": 2.2936880470051753
  },
  "(4,2)": {
    "u": 6.360919007306849,
    "d": 2.613291717521408,
    "l": 3.0766184695783707,
    "r": 4.65325668332126
  },
  "(4,3)": {
    "u": 8.32740854641798,
    "d": 4.479009433103289,
    "l": 4.870576371343435,
    "r": 5.928361301896774
  },
  "(4,4)": {
    "u": 0.0,
    "d": 0.0,
    "l": 0.0,
    "r": 0.0
  }
}