{
  "(0,0)": {
    "u": -2.2759019554783633,
    "d": -3.159212268911918,
    "l": -3.050156381483332,
    "r": -2.604860797998111
  },
  "(0,1)": {
    "u": -1.3126489871073868,
    "d": -2.908940161977664,
    "l": -2.108893612473218,
    "r": -1.6168277984556374
  },
  "(0,2)": {
    "u": -0.2655034620214476,
    "d": -1.830187800643437,
    "l": -1.1915595096313922,
    "r": -0.6580076734804412
  },
  "(0,3)": {
    "u": 0.8117511760986753,
    "d": -1.0419690446523662,
    "l": -0.3192768864896583,
    "r": 0.35909916521496243
  },
  "(0,4)": {
    "u": 0.9844055594986448,
    "d": -0.16196240731987918,
    "l": 0.9743095910783399,
    "r": 1.7094409778493178
  },
  "(1,0)": {
    "u": -1.4570964922663077,
    "d": -2.5128699630550684,
    "l": -3.187584295279786,
    "r": -2.0260945402318886
  },
  "(1,1)": {
    "u": -0.3820782001880556,
    "d": -2.390759528732645,
    "l": -2.119994656869261,
    "r": -1.3329593295402133
  },
  "(1,2)": {
    "u": 1.1116602355710608,
    "d": -1.2976023825626248,
    "l": -1.0960821014813416,
    "r": 0.5339016394433528
  },
  "(1,3)": {
    "u": 1.9306966226644917,
    "d": -0.14194634464902112,
    "l": -0.141772912802056,
    "r": 0.8954315776837102
  },
  "(1,4)": {
    "u": 2.831702260152059,
    "d": 1.5365876117322452,
    "l": 1.1922992265859886,
    "r": 3.6122328557518673
  },
  "(2,0)": {
    "u": -2.373849039926969,
    "d": -2.419544835786172,
    "l": -2.5262607471643004,
    "r": -0.4488558306684378
  },
  "(2,1)": {
    "u": 0.0,
    "d": 0.0,
    "l": 0.0,
    "r": 0.0
  },
  "(2,2)": {
    "u": 1.1884299339885813,
    "d": 1.7519309948233623,
    "l": 0.15687687693169705,
    "r": 2.899033145222309
  },
  "(2,3)": {
    "u": 0.0,
    "d": 0.0,
    "l": 0.0,
    "r": 0.0
  },
  "(2,4)": {
    "u": 4.583809822264856,
    "d": 4.739732801933472,
    "l": 3.346231786624572,
    "r": 5.85017069545918
  },
  "(3,0)": {
    "u": 1.0253696129510577,
    "d": -1.3886557901511973,
    "l": -1.729104338555179,
    "r": -1.7524155410698052
  },
  "(3,1)": {
    "u": 2.759795452820959,
    "d": -1.1871827199790403,
    "l": 0.40373676166255335,
    "r": 0.2308532419321785
  },
  "(3,2)": {
    "u": 4.283759848777919,
    "d": 1.7222572402954448,
    "l": 1.5115276531196369,
    "r": 3.595794332231308
  },
  "(3,3)": {
    "u": 6.229565607879326,
    "d": 3.1949120036753564,
    "l": 4.557905934556871,
    "r": 5.9843185580448734
  },
  "(3,4)": {
    "u": 6.701490920588101,
    "d": 4.945852771963077,
    "l": 4.962764339324939,
    "r": 8.38992739781095
  },
  "(4,0)": {
    "u": 0.21006547579076268,
    "d": -1.306824129274529,
    "l": -1.1054364871618856,
    "r": -1.3052896324507213
  },
  "(4,1)": {
    "u": 3.981544806979841,
    "d": -0.7351459426501726,
    "l": -0.6593856341372173,
    "r": 0.11419600668199331
  },
  "(4,2)": {
    "u": 6.07346579161361,
    "d": 1.8245190935670441,
    "l": 1.7764893009388758,
    "r": 2.0300027323450145
  },
  "(4,3)": {
    "u": 8.457082329193465,
    "d": 4.1677389000769764,
    "l": 5.012997535055721,
    "r": 6.21781945460888
  },
  "(4,4)": {
    "u": 0.0,
    "d": 0.0,
    "l": 0.0,
    "r": 0.0
  }
}