{
  "title": "MonteCarlo_Q_values",
  "description": "Q-values for state-action pairs",
  "shape": [
    5,
    5,
    4
  ],
  "action_map": {
    "0": "UP",
    "1": "DOWN",
    "2": "LEFT",
    "3": "RIGHT"
  },
  "q_values": {
    "(0,0)": [
      -3.1033780819457535,
      -3.6917876216717307,
      -3.595737855743653,
      -2.981698195844462
    ],
    "(0,1)": [
      -2.1836753718730226,
      -3.579614972882065,
      -3.256727437698461,
      -2.9183713252715595
    ],
    "(0,2)": [
      -1.1620069829460637,
      -2.5325898263965154,
      -2.226679928520645,
      -1.3238018943012897
    ],
    "(0,3)": [
      -0.09283706393362554,
      -1.7471544854388776,
      -0.8268482416332963,
      -0.026063374406829477
    ],
    "(0,4)": [
      0.2850120747686939,
      -0.523457888083502,
      -0.02094498112308929,
      1.4016161515602388
    ],
    "(1,0)": [
      -2.3517597050720074,
      -2.997728571415146,
      -3.4412297829458716,
      -2.0217086915486404
    ],
    "(1,1)": [
      -1.138789786974517,
      -2.895620699504147,
      -2.897083150757442,
      -2.147668902145221
    ],
    "(1,2)": [
      -0.14403445323845246,
      -2.06350157781142,
      -1.8001061245725793,
      0.3432866800897721
    ],
    "(1,3)": [
      1.4338644291786733,
      -1.2168656551686967,
      -0.9887872002173315,
      0.16662106784834832
    ],
    "(1,4)": [
      1.689457376430751,
      0.45912441160800976,
      0.295859751369365,
      3.4788642651584407
    ],
    "(2,0)": [
      -1.9654254463633212,
      -1.9287095056400794,
      -2.732877928034301,
      -0.9028201755587508
    ],
    "(2,1)": [
      0.0,
      0.0,
      0.0,
      0.0
    ],
    "(2,2)": [
      0.8254828438437952,
      0.5246669710279395,
      -0.5523632838236554,
      2.0440886328700345
    ],
    "(2,3)": [
      0.0,
      0.0,
      0.0,
      0.0
    ],
    "(2,4)": [
      3.9337680162328037,
      3.9788047853816906,
      2.157096474802186,
      5.791094108553532
    ],
    "(3,0)": [
      0.47013989336546835,
      -0.7757001556245708,
      -1.5030095421868073,
      0.019530680954054302
    ],
    "(3,1)": [
      2.1295097991344667,
      -0.27518537549559513,
      0.8808023124781826,
      1.450173048850631
    ],
    "(3,2)": [
      3.927799831653426,
      1.0584842026614802,
      1.1282636790274427,
      3.537865473011161
    ],
    "(3,3)": [
      6.038098687173578,
      2.900244041197031,
      4.2909246825833485,
      5.765033509954392
    ],
    "(3,4)": [
      6.4499535488287245,
      4.6546546678002505,
      4.436592787227364,
      8.260369885408437
    ],
    "(4,0)": [
      1.4242114537747455,
      0.17699741993707604,
      -0.33164601697414103,
      0.15848928427850414
    ],
    "(4,1)": [
      3.310546075259674,
      0.6141879985390286,
      0.9126085639570206,
      1.7835294097598147
    ],
    "(4,2)": [
      5.56876251594325,
      2.103095859870419,
      2.7540643870090786,
      3.900026598276284
    ],
    "(4,3)": [
      8.248324835211317,
      4.115870249932792,
      4.827853272527936,
      6.522098105711549
    ],
    "(4,4)": [
      0.0,
      0.0,
      0.0,
      0.0
    ]
  }
}