{
  "title": "MonteCarlo_Q_values",
  "description": "Q-values for state-action pairs",
  "shape": [
    5,
    5,
    4
  ],
  "action_map": {
    "0": "UP",
    "1": "DOWN",
    "2": "LEFT",
    "3": "RIGHT"
  },
  "q_values": {
    "(0,0)": [
      -3.06633950518214,
      -3.700602439014611,
      -3.807242298063888,
      -3.0997411462953486
    ],
    "(0,1)": [
      -2.4692683687610115,
      -3.051385844547536,
      -3.6287334565957505,
      -2.185813932926591
    ],
    "(0,2)": [
      -1.431704146167676,
      -2.109429094894217,
      -2.762127709257979,
      -1.1062722499551585
    ],
    "(0,3)": [
      -0.007070251189379026,
      -1.0362397089991402,
      -1.8393730112284343,
      0.09594501447456263
    ],
    "(0,4)": [
      1.474323144832408,
      0.024385812523434917,
      -0.4466539485315798,
      0.435308166245188
    ],
    "(1,0)": [
      -2.159197218117736,
      -3.93751386637889,
      -3.0407901170900455,
      -2.7058454513202297
    ],
    "(1,1)": [
      -2.0748637574613746,
      -2.655961289674764,
      -3.0434073360529132,
      -1.3842022746108715
    ],
    "(1,2)": [
      -0.05610682313353032,
      -1.97646322685835,
      -2.3014657781928047,
      0.0007286415452933228
    ],
    "(1,3)": [
      -0.07170279552592414,
      -0.7655227290248616,
      -0.9292236744511656,
      1.4433651344679597
    ],
    "(1,4)": [
      3.4389358516759168,
      0.42345524178350974,
      0.5314106408100842,
      2.012330890082358
    ],
    "(2,0)": [
      -1.032346457482267,
      -2.893289648705692,
      -1.8841992035660111,
      -2.0379828900760892
    ],
    "(2,1)": [
      0.0,
      0.0,
      0.0,
      0.0
    ],
    "(2,2)": [
      1.7630419253911302,
      -0.9476113929314143,
      0.41992615096683994,
      -0.20373253329069194
    ],
    "(2,3)": [
      0.0,
      0.0,
      0.0,
      0.0
    ],
    "(2,4)": [
      5.75877593298172,
      2.452648106854798,
      4.110718493755188,
      3.881265025827809
    ],
    "(3,0)": [
      -1.0284404784140746,
      -1.0349687269697618,
      -1.1740684916237114,
      0.45654147078200624
    ],
    "(3,1)": [
      1.7294314798635102,
      0.8618597371328405,
      -0.07451066118286974,
      2.085577088181149
    ],
    "(3,2)": [
      3.0643209801592994,
      1.288124665519,
      1.1968497202760005,
      3.7687624696077875
    ],
    "(3,3)": [
      5.783248652458232,
      4.465587543294322,
      3.0626249968718375,
      6.021822799633257
    ],
    "(3,4)": [
      8.241204614137605,
      4.2977007792838355,
      4.876813315375945,
      6.195290260408963
    ],
    "(4,0)": [
      0.07818984952872098,
      -1.7664395005405886,
      -0.9880896715938041,
      0.8100597725343628
    ],
    "(4,1)": [
      1.0763547879153845,
      0.74730384083,
      -0.7029484942397142,
      2.8252049788183977
    ],
    "(4,2)": [
      3.9069828032116893,
      2.51494422968256,
      1.7533034057941697,
      5.594237607057481
    ],
    "(4,3)": [
      6.491517912565061,
      4.647774585106322,
      3.4935237719765952,
      8.215425019109093
    ],
    "(4,4)": [
      0.0,
      0.0,
      0.0,
      0.0
    ]
  }
}