{
  "title": "MonteCarlo_Q_values",
  "description": "Q-values for state-action pairs",
  "shape": [
    5,
    5,
    4
  ],
  "action_map": {
    "0": "UP",
    "1": "DOWN",
    "2": "LEFT",
    "3": "RIGHT"
  },
  "q_values": {
    "(0,0)": [
      -3.1312484715513316,
      -3.814746284770962,
      -3.8820744027108014,
      -3.5869114692545456
    ],
    "(0,1)": [
      -2.156301576363878,
      -3.601252693356022,
      -3.074223263854927,
      -2.465731054279252
    ],
    "(0,2)": [
      -1.059989978155103,
      -2.777139646441811,
      -1.8703641264311992,
      -1.3727501525355081
    ],
    "(0,3)": [
      0.12038111706202097,
      -1.7426035987649897,
      -0.9735342742698048,
      -0.002479389496570961
    ],
    "(0,4)": [
      0.3318273144064632,
      -0.5619504793656434,
      0.02988185362443318,
      1.4747998852943565
    ],
    "(1,0)": [
      -2.653268585977026,
      -3.6426561947732665,
      -3.91309720495573,
      -4.013155203611998
    ],
    "(1,1)": [
      -1.288650142815188,
      -3.245626123162795,
      -3.1716611949205715,
      -2.084687176799551
    ],
    "(1,2)": [
      -0.06189496513127938,
      -2.090667322424958,
      -1.9393672917632665,
      0.08005906595766894
    ],
    "(1,3)": [
      1.4905494430535895,
      -1.222321370270013,
      -0.7062887104181836,
      -0.17513018017451415
    ],
    "(1,4)": [
      1.9538957223916302,
      0.5492554591041183,
      0.341870320478722,
      3.444612512759047
    ],
    "(2,0)": [
      -5.536068700088282,
      -4.538802125298164,
      -3.69755271412423,
      -2.258395653529017
    ],
    "(2,1)": [
      0.0,
      0.0,
      0.0,
      0.0
    ],
    "(2,2)": [
      0.5348443874394634,
      0.30730641738772374,
      -0.7208036206976332,
      1.638392242759999
    ],
    "(2,3)": [
      0.0,
      0.0,
      0.0,
      0.0
    ],
    "(2,4)": [
      3.9746483181120573,
      4.0259791849588815,
      2.30802342082862,
      5.774827979115482
    ],
    "(3,0)": [
      -1.202457929707838,
      -2.9707128786921917,
      -3.6481383935244596,
      -0.10028322945450997
    ],
    "(3,1)": [
      0.605952214388308,
      -0.9909292146924358,
      0.08091268153333687,
      1.428168645634346
    ],
    "(3,2)": [
      3.3485195296550554,
      0.11909678607909124,
      0.5516616591092033,
      3.4415754674905843
    ],
    "(3,3)": [
      5.936804006818662,
      2.5761063311596466,
      3.9607925645591426,
      5.730883375895027
    ],
    "(3,4)": [
      6.158682279743136,
      4.492400155188356,
      4.295665259082542,
      8.25647643551849
    ],
    "(4,0)": [
      1.240848621525792,
      0.43420761800000013,
      0.11597278027142867,
      0.04195685519000005
    ],
    "(4,1)": [
      3.2325787342608416,
      0.7042990176845001,
      0.17496096782679713,
      1.0275359514811468
    ],
    "(4,2)": [
      5.515817065482002,
      1.6656691977398919,
      2.4538246584069077,
      3.8290517368486356
    ],
    "(4,3)": [
      8.213171526812356,
      3.8474989742861916,
      4.6675042285873465,
      6.043670358450664
    ],
    "(4,4)": [
      0.0,
      0.0,
      0.0,
      0.0
    ]
  }
}