{
  "title": "MonteCarlo_Q_values",
  "description": "Q-values for state-action pairs",
  "shape": [
    5,
    5,
    4
  ],
  "action_map": {
    "0": "UP",
    "1": "DOWN",
    "2": "LEFT",
    "3": "RIGHT"
  },
  "q_values": {
    "(0,0)": [
      -4.970785159048305,
      -5.995994899117744,
      -5.829811071018733,
      -3.4726799198070544
    ],
    "(0,1)": [
      -2.416826407646254,
      -5.068262737749465,
      -3.970647886203685,
      -5.342022598970401
    ],
    "(0,2)": [
      -3.7804981872690333,
      -4.089101608056525,
      -4.378521833263702,
      -1.2387306343639148
    ],
    "(0,3)": [
      -5.9940677920468355,
      -3.016807308407276,
      -3.7809046041997405,
      -4.216450322554556
    ],
    "(0,4)": [
      -2.9060340580098125,
      -5.651339917949022,
      -7.177855208708655,
      -8.735037904664443
    ],
    "(1,0)": [
      -4.080953428236227,
      -5.530248414703951,
      -4.0155956603285485,
      -2.3955786319815626
    ],
    "(1,1)": [
      -1.385885159040853,
      -6.505389197791332,
      -4.697347027950832,
      -2.9852432171663685
    ],
    "(1,2)": [
      -2.527386172369518,
      -3.180209848931564,
      -3.4310060407474863,
      0.34544258689120455
    ],
    "(1,3)": [
      -3.2250201331540973,
      -1.49688035003905,
      -4.127950378524728,
      -3.6618339737632217
    ],
    "(1,4)": [
      -5.79298990557408,
      -4.4674937477948395,
      -7.394467250848978,
      1.8166210652372075
    ],
    "(2,0)": [
      -2.487798787091173,
      -2.3193641588295906,
      -3.3693193568731696,
      -1.1032421996567396
    ],
    "(2,1)": [
      0.0,
      0.0,
      0.0,
      0.0
    ],
    "(2,2)": [
      -0.3917959562736371,
      0.36162159934369914,
      -1.411301138242814,
      2.0660806141709003
    ],
    "(2,3)": [
      0.0,
      0.0,
      0.0,
      0.0
    ],
    "(2,4)": [
      -0.17758705717022777,
      -2.1333158089853757,
      -6.466264611490672,
      5.86964692475
    ],
    "(3,0)": [
      -0.12682008359161606,
      -1.3773087833024702,
      -2.182610787721659,
      0.4765507387040105
    ],
    "(3,1)": [
      1.2401670054649476,
      -0.8616187770390638,
      0.5051111357315075,
      2.0111279407000366
    ],
    "(3,2)": [
      3.1234995966034838,
      0.871771416668655,
      0.597638788434314,
      3.968458594057692
    ],
    "(3,3)": [
      6.631710554380292,
      2.887692896272727,
      4.7689964,
      5.467046443999999
    ],
    "(3,4)": [
      6.510756813431118,
      4.640352821428571,
      3.8530172194767873,
      8.847682313524391
    ],
    "(4,0)": [
      1.861727647284711,
      -0.21943910921239854,
      -0.9334174213695281,
      0.48937946859095394
    ],
    "(4,1)": [
      3.949792229776565,
      0.13754972807041504,
      0.571397677660211,
      1.5695903368923625
    ],
    "(4,2)": [
      6.28000385361217,
      1.794684985103326,
      2.505307739362989,
      3.589710288009745
    ],
    "(4,3)": [
      8.57005914635142,
      4.004846053928187,
      4.202799470991803,
      6.111760059838859
    ],
    "(4,4)": [
      0.0,
      0.0,
      0.0,
      0.0
    ]
  }
}