{
  "title": "MonteCarlo_Q_values",
  "description": "Q-values for state-action pairs",
  "shape": [
    5,
    5,
    4
  ],
  "action_map": {
    "0": "UP",
    "1": "DOWN",
    "2": "LEFT",
    "3": "RIGHT"
  },
  "q_values": {
    "(0,0)": [
      -5.309799228842934,
      -3.738435066632172,
      -6.209650896419919,
      -4.033961384894348
    ],
    "(0,1)": [
      -5.8596327648252755,
      -6.817135171432049,
      -5.9265043188556,
      -4.3073283141612615
    ],
    "(0,2)": [
      -5.851554315940565,
      -5.195739401289019,
      -6.269859098391293,
      -6.4483016897576135
    ],
    "(0,3)": [
      -7.307446747549246,
      -5.9899046553458914,
      -7.7123207545039,
      -7.175704635190001
    ],
    "(0,4)": [
      -6.772459168561801,
      -8.121183812882654,
      -6.861894039100001,
      -2.98101717646433
    ],
    "(1,0)": [
      -4.379860299476176,
      -3.888182274296956,
      -5.934976622147247,
      -2.209523174143004
    ],
    "(1,1)": [
      -3.192077753700061,
      -3.2506842954387554,
      -4.8504693161674926,
      -4.473539923638762
    ],
    "(1,2)": [
      -5.268013061308937,
      -6.1843695000910905,
      -7.157778150812092,
      -1.6325656165882554
    ],
    "(1,3)": [
      -6.546207794053845,
      -5.927351007437947,
      -6.97583465407238,
      -5.15299399087011
    ],
    "(1,4)": [
      0.5897247075110144,
      -5.757579378766057,
      -4.642229742339001,
      -3.3816171412146385
    ],
    "(2,0)": [
      -2.359908827155019,
      -2.2072824185698336,
      -3.3519196068011063,
      -0.9934725640909988
    ],
    "(2,1)": [
      0.0,
      0.0,
      0.0,
      0.0
    ],
    "(2,2)": [
      -4.238482250021808,
      -5.044353656788906,
      -3.8180065596290387,
      1.8265607742409702
    ],
    "(2,3)": [
      0.0,
      0.0,
      0.0,
      0.0
    ],
    "(2,4)": [
      -1.4711409150166728,
      -8.107892925088667,
      -8.166594874108528,
      6.743530769230769
    ],
    "(3,0)": [
      0.048941543321356216,
      -0.9591812008474995,
      -1.6776577748237491,
      0.5366432084266308
    ],
    "(3,1)": [
      1.1058194362064386,
      -0.7198607676143608,
      -0.06593206465014408,
      2.109234292231345
    ],
    "(3,2)": [
      2.785044853002569,
      0.5081214916912915,
      0.9068249404715715,
      4.098133415251257
    ],
    "(3,3)": [
      5.140464690598262,
      1.8304168227492614,
      3.8582518571428572,
      6.304158584455382
    ],
    "(3,4)": [
      4.102470544566464,
      3.230954180436722,
      0.5095597484986998,
      8.719106451612904
    ],
    "(4,0)": [
      1.9104033119426505,
      0.12720651183400394,
      -0.9305412849556263,
      0.3393726085090606
    ],
    "(4,1)": [
      3.9708126110650044,
      0.214708166531748,
      0.8964171138658484,
      1.8670795032568652
    ],
    "(4,2)": [
      6.386342282162662,
      2.244362441601462,
      2.4376111272871643,
      3.6770927381546574
    ],
    "(4,3)": [
      8.940188166639343,
      4.071311607167099,
      4.895686389287594,
      6.310453543013454
    ],
    "(4,4)": [
      0.0,
      0.0,
      0.0,
      0.0
    ]
  }
}