{
  "title": "MonteCarlo_Q_values",
  "description": "Q-values for state-action pairs",
  "shape": [
    5,
    5,
    4
  ],
  "action_map": {
    "0": "UP",
    "1": "DOWN",
    "2": "LEFT",
    "3": "RIGHT"
  },
  "q_values": {
    "(0,0)": [
      -3.201066349811712,
      -4.691420293681813,
      -4.71240684233251,
      -3.719372685441531
    ],
    "(0,1)": [
      -2.0687321079722576,
      -4.334109800607919,
      -3.4338392593144933,
      -4.1265465514108515
    ],
    "(0,2)": [
      -0.8008175056151776,
      -3.149439367949716,
      -2.852535578227998,
      -1.6696795740985046
    ],
    "(0,3)": [
      -0.26581325868268574,
      -1.8497026978487758,
      -0.7895642673891737,
      0.5997297721321094
    ],
    "(0,4)": [
      -1.3935317985377098,
      -1.696490404973434,
      0.15970133012583287,
      1.7979624720266614
    ],
    "(1,0)": [
      -2.756436093533437,
      -5.001181877661731,
      -4.869463641232279,
      -5.702294381573046
    ],
    "(1,1)": [
      -1.5267524266801342,
      -3.67117617427793,
      -3.2494694401844813,
      -3.1222762173173555
    ],
    "(1,2)": [
      0.018701797708994827,
      -3.047499075540135,
      -1.9880628542138177,
      -1.7854892950349261
    ],
    "(1,3)": [
      2.3773401670511602,
      -1.3404292032443137,
      -1.1638623417169038,
      0.18279120960519654
    ],
    "(1,4)": [
      1.724456071808362,
      0.5468896595726922,
      0.6806138934651265,
      4.16289024037367
    ],
    "(2,0)": [
      -4.093312870553581,
      -5.307076313914169,
      -5.030380670904614,
      -5.451172151127188
    ],
    "(2,1)": [
      0.0,
      0.0,
      0.0,
      0.0
    ],
    "(2,2)": [
      -2.5078587576988034,
      0.9370953458343547,
      -2.4057346844199716,
      1.7627178569665947
    ],
    "(2,3)": [
      0.0,
      0.0,
      0.0,
      0.0
    ],
    "(2,4)": [
      4.143454462116454,
      4.4078463404255315,
      2.072215489287664,
      6.34857095847059
    ],
    "(3,0)": [
      -1.1282035866433442,
      -5.312390856691932,
      -4.933146967000858,
      -0.005152070556980639
    ],
    "(3,1)": [
      2.30426223454612,
      -5.138354436999418,
      -0.4330204433677318,
      -1.8647070494052211
    ],
    "(3,2)": [
      3.0382909779409246,
      0.03844960994448702,
      -1.0940363715127015,
      4.253511870026937
    ],
    "(3,3)": [
      6.746627929741379,
      2.7476930659999996,
      4.711807159999999,
      6.200033333333333
    ],
    "(3,4)": [
      6.264030073755072,
      4.782083067095238,
      4.319688096367175,
      8.919676377292086
    ],
    "(4,0)": [
      -0.5453279346965614,
      -3.936937982110115,
      0.16691453669667508,
      -4.496242434815184
    ],
    "(4,1)": [
      3.2193384054614334,
      -5.34325316051483,
      -0.009525181916914994,
      -1.1826960739021455
    ],
    "(4,2)": [
      6.240259018905358,
      1.0803269348100426,
      2.0674716924714285,
      1.931316972427606
    ],
    "(4,3)": [
      8.656805339434275,
      3.6203698571428578,
      4.573936846153845,
      6.482200384615384
    ],
    "(4,4)": [
      0.0,
      0.0,
      0.0,
      0.0
    ]
  }
}