{
  "(0,0)": {
    "u": -2.449460663603061,
    "d": -2.918009513243418,
    "l": -2.9334993707538435,
    "r": -2.237274257458107
  },
  "(0,1)": {
    "u": -1.4414899235428518,
    "d": -2.748789580215629,
    "l": -2.377509105287671,
    "r": -1.8725394024317108
  },
  "(0,2)": {
    "u": -0.4100341431372777,
    "d": -1.8420119299894788,
    "l": -1.1870275313217518,
    "r": -0.450730115451219
  },
  "(0,3)": {
    "u": 0.9228390481199692,
    "d": -1.1650004971126753,
    "l": -0.14659278351889476,
    "r": 0.46943955694905687
  },
  "(0,4)": {
    "u": 1.0426705989496137,
    "d": 0.5119048256192675,
    "l": 0.9388647356037156,
    "r": 2.4419209924443264
  },
  "(1,0)": {
    "u": -1.632358951137915,
    "d": -2.3048664643848773,
    "l": -2.9177306962248455,
    "r": -1.2836543892390733
  },
  "(1,1)": {
    "u": -0.6718628829340171,
    "d": -2.2440656249601596,
    "l": -2.065699591761457,
    "r": -1.435319211622361
  },
  "(1,2)": {
    "u": 0.4178985943219851,
    "d": -1.0270658372518675,
    "l": -0.9501338433785832,
    "r": 0.9257596503543529
  },
  "(1,3)": {
    "u": 2.322997428770984,
    "d": -0.006367295586044999,
    "l": -0.1652139116795431,
    "r": 0.9574746289792678
  },
  "(1,4)": {
    "u": 2.852008823160589,
    "d": 1.241620537740185,
    "l": 1.0387386478123835,
    "r": 3.64327716586134
  },
  "(2,0)": {
    "u": -1.2906762666730092,
    "d": -1.0773231396609546,
    "l": -2.002421524700336,
    "r": -0.06376608403787976
  },
  "(2,1)": {
    "u": 0.0,
    "d": 0.0,
    "l": 0.0,
    "r": 0.0
  },
  "(2,2)": {
    "u": 1.3462033200625068,
    "d": 1.3111611267765757,
    "l": 0.33456947357017786,
    "r": 2.788150579240199
  },
  "(2,3)": {
    "u": 0.0,
    "d": 0.0,
    "l": 0.0,
    "r": 0.0
  },
  "(2,4)": {
    "u": 4.615341687160695,
    "d": 4.42910984589645,
    "l": 2.8881048063345784,
    "r": 6.054739887206563
  },
  "(3,0)": {
    "u": 1.284225542580673,
    "d": -0.17971587497790684,
    "l": -1.0987253779373878,
    "r": 0.5902550896777212
  },
  "(3,1)": {
    "u": 2.9234277907213757,
    "d": 0.6546508792037534,
    "l": 1.6626827676428784,
    "r": 2.248304407954717
  },
  "(3,2)": {
    "u": 4.603038784141493,
    "d": 1.5074736179713668,
    "l": 1.3985572029974918,
    "r": 3.0978622614715534
  },
  "(3,3)": {
    "u": 6.229642194826092,
    "d": 3.2428562471360176,
    "l": 4.770347153500587,
    "r": 5.63974580726446
  },
  "(3,4)": {
    "u": 6.491385271182504,
    "d": 5.771414770220106,
    "l": 4.567462449493154,
    "r": 8.289122498709418
  },
  "(4,0)": {
    "u": 2.1281095184288206,
    "d": 0.7048034761627695,
    "l": -0.11245794298703995,
    "r": 1.1124467371047764
  },
  "(4,1)": {
    "u": 4.264763830906792,
    "d": 1.138136976612444,
    "l": 1.7633291474756516,
    "r": 2.2703834541287766
  },
  "(4,2)": {
    "u": 6.279593888244147,
    "d": 2.8442015265355702,
    "l": 3.1950667236704984,
    "r": 4.4952406291522875
  },
  "(4,3)": {
    "u": 8.83753012376882,
    "d": 4.930683930827873,
    "l": 5.008923223371554,
    "r": 6.845715054855483
  },
  "(4,4)": {
    "u": 0.0,
    "d": 0.0,
    "l": 0.0,
    "r": 0.0
  }
}