{
  "(0,0)": {
    "u": -2.2071377974174946,
    "d": -3.032964514473077,
    "l": -3.0910226986380596,
    "r": -2.550305840740598
  },
  "(0,1)": {
    "u": -1.2679856003912349,
    "d": -2.760290539221902,
    "l": -2.1253141698448537,
    "r": -1.5433763029698977
  },
  "(0,2)": {
    "u": -0.6787261152878238,
    "d": -1.973635557278223,
    "l": -1.39306433514471,
    "r": -0.12393774027739876
  },
  "(0,3)": {
    "u": 0.779975007153793,
    "d": -0.8868368009026486,
    "l": -0.2200419501542231,
    "r": 0.23728434583562974
  },
  "(0,4)": {
    "u": 0.8590043471995744,
    "d": -0.10007387451822435,
    "l": 0.775493162305617,
    "r": 2.603131567974726
  },
  "(1,0)": {
    "u": -1.9785363201862556,
    "d": -2.2455212235087223,
    "l": -3.0797569970963155,
    "r": -1.5572095057004445
  },
  "(1,1)": {
    "u": -0.5506009233390005,
    "d": -2.2233481269849245,
    "l": -2.0725663204190274,
    "r": -1.2652727087391253
  },
  "(1,2)": {
    "u": 0.6591259522757204,
    "d": -0.9449385695589126,
    "l": -0.8757518390403951,
    "r": 0.825360590102773
  },
  "(1,3)": {
    "u": 2.2050035419103917,
    "d": -0.045914266763100876,
    "l": 0.05997876898617315,
    "r": 0.952748105995157
  },
  "(1,4)": {
    "u": 2.6210051715421527,
    "d": 1.3934835408877202,
    "l": 1.2288211134917182,
    "r": 3.890611752523996
  },
  "(2,0)": {
    "u": -1.4010285449207107,
    "d": -1.4159847143644801,
    "l": -2.3249646178367627,
    "r": -0.41081942125952325
  },
  "(2,1)": {
    "u": 0.0,
    "d": 0.0,
    "l": 0.0,
    "r": 0.0
  },
  "(2,2)": {
    "u": 1.1893526607818916,
    "d": 1.2114364611739006,
    "l": 0.25255169566812885,
    "r": 2.8741584861824405
  },
  "(2,3)": {
    "u": 0.0,
    "d": 0.0,
    "l": 0.0,
    "r": 0.0
  },
  "(2,4)": {
    "u": 4.657608375076559,
    "d": 4.261164839767223,
    "l": 2.861552397738118,
    "r": 6.391058533659177
  },
  "(3,0)": {
    "u": 1.0079158461529338,
    "d": -0.1307815960682499,
    "l": -1.3705056547412842,
    "r": 0.48856905971785575
  },
  "(3,1)": {
    "u": 2.7316427409298814,
    "d": -0.04269106725118575,
    "l": 1.0460484087736424,
    "r": 1.9969322277998511
  },
  "(3,2)": {
    "u": 4.463218001071308,
    "d": 1.6620604869189786,
    "l": 1.8094884250540546,
    "r": 3.051261419174194
  },
  "(3,3)": {
    "u": 6.6362863878782905,
    "d": 3.0629403175218464,
    "l": 4.5568426964781485,
    "r": 6.012519333799547
  },
  "(3,4)": {
    "u": 6.523030012708126,
    "d": 4.961676520316094,
    "l": 4.654933531719849,
    "r": 8.874392324166271
  },
  "(4,0)": {
    "u": 1.379850030769992,
    "d": 0.5508103458632948,
    "l": 0.05457894104740321,
    "r": 0.8385092914385999
  },
  "(4,1)": {
    "u": 3.677153084428374,
    "d": 0.9434229846493905,
    "l": 1.3294934649563173,
    "r": 2.3084691763610636
  },
  "(4,2)": {
    "u": 6.208236385512431,
    "d": 2.553007037971381,
    "l": 3.6592516646420976,
    "r": 4.186018122160001
  },
  "(4,3)": {
    "u": 8.483837693229654,
    "d": 4.46907660378391,
    "l": 4.69605443618449,
    "r": 6.4616086649701066
  },
  "(4,4)": {
    "u": 0.0,
    "d": 0.0,
    "l": 0.0,
    "r": 0.0
  }
}