{
  "(0,0)": {
    "u": -2.499894237542149,
    "d": -3.018973958335949,
    "l": -2.9720184506038763,
    "r": -2.5924830729127053
  },
  "(0,1)": {
    "u": -1.5409869162254193,
    "d": -2.6502777591311886,
    "l": -2.1676161277385733,
    "r": -1.807252452577913
  },
  "(0,2)": {
    "u": -0.612475592969952,
    "d": -2.1118700688071947,
    "l": -1.2658429179351014,
    "r": -0.6990492859649551
  },
  "(0,3)": {
    "u": 0.5869391109404138,
    "d": -0.9793347185702926,
    "l": -0.2397602696013881,
    "r": 0.3046098973223531
  },
  "(0,4)": {
    "u": 1.12926130936887,
    "d": 0.20128366263911074,
    "l": 0.7886546115293631,
    "r": 2.1523226431962437
  },
  "(1,0)": {
    "u": -1.9185213999483846,
    "d": -2.293714827356702,
    "l": -2.7919436404983573,
    "r": -1.420020372761735
  },
  "(1,1)": {
    "u": -0.7937854118094085,
    "d": -2.1714042502948105,
    "l": -2.0489629461296617,
    "r": -1.4853122728529138
  },
  "(1,2)": {
    "u": 0.4881364570520013,
    "d": -1.1735574201050873,
    "l": -1.2555472292070537,
    "r": 0.030148979051563787
  },
  "(1,3)": {
    "u": 1.8549521466573162,
    "d": -0.2607882642762337,
    "l": -0.04383569088191609,
    "r": 0.874051250179665
  },
  "(1,4)": {
    "u": 3.0166349298299484,
    "d": 1.9664513838709918,
    "l": 0.9341873271039627,
    "r": 3.9600928771680657
  },
  "(2,0)": {
    "u": -1.3884216882636942,
    "d": -1.2811794815621695,
    "l": -2.181545462987739,
    "r": -0.36257230051107653
  },
  "(2,1)": {
    "u": 0.0,
    "d": 0.0,
    "l": 0.0,
    "r": 0.0
  },
  "(2,2)": {
    "u": 1.334375788460242,
    "d": 1.2357695752170454,
    "l": 0.13414241367036184,
    "r": 2.2947312044161965
  },
  "(2,3)": {
    "u": 0.0,
    "d": 0.0,
    "l": 0.0,
    "r": 0.0
  },
  "(2,4)": {
    "u": 4.16178627216161,
    "d": 4.610687805113336,
    "l": 2.802262138301011,
    "r": 5.770779692899989
  },
  "(3,0)": {
    "u": 1.2798743917237745,
    "d": -0.2665510768129119,
    "l": -1.1162141268163928,
    "r": 0.4813837625627302
  },
  "(3,1)": {
    "u": 2.6816769369618294,
    "d": 0.2577749097988142,
    "l": 1.4742559548194594,
    "r": 1.9713877528149637
  },
  "(3,2)": {
    "u": 3.6618525178700887,
    "d": 1.6359646400135035,
    "l": 1.4538904051935613,
    "r": 4.516147534951102
  },
  "(3,3)": {
    "u": 5.82623289603997,
    "d": 3.5583719023965537,
    "l": 4.661009771748484,
    "r": 5.468898393585486
  },
  "(3,4)": {
    "u": 6.88913247622204,
    "d": 4.849438387314726,
    "l": 4.646650245277985,
    "r": 8.104798161831964
  },
  "(4,0)": {
    "u": 2.3384442883769028,
    "d": 0.7225915887826375,
    "l": 0.39445526443336654,
    "r": 0.9010532377551516
  },
  "(4,1)": {
    "u": 4.01828989932175,
    "d": 0.7911810620233428,
    "l": 1.3281515688345964,
    "r": 2.4760841411140446
  },
  "(4,2)": {
    "u": 6.405079009002277,
    "d": 2.8472534679909494,
    "l": 2.7503681552327675,
    "r": 4.171246692149472
  },
  "(4,3)": {
    "u": 8.615266691018306,
    "d": 4.417220222814543,
    "l": 4.772366283828232,
    "r": 6.6525935895578
  },
  "(4,4)": {
    "u": 0.0,
    "d": 0.0,
    "l": 0.0,
    "r": 0.0
  }
}