{
  "(0,0)": {
    "u": -2.64734323016977,
    "d": -3.0240896585982426,
    "l": -2.98555803135508,
    "r": -2.416260398435858
  },
  "(0,1)": {
    "u": -1.680653105117662,
    "d": -2.594675263044645,
    "l": -2.2923529063036323,
    "r": -1.9699222331941983
  },
  "(0,2)": {
    "u": -0.7340798223931894,
    "d": -2.0984596112969975,
    "l": -1.3830243863469815,
    "r": -0.4322143844300113
  },
  "(0,3)": {
    "u": 0.22354447544859674,
    "d": -1.2480037195213778,
    "l": -0.32873760881032443,
    "r": 0.7110580395029886
  },
  "(0,4)": {
    "u": 1.0959006546626564,
    "d": 0.033954096789106554,
    "l": 0.9011295659734229,
    "r": 1.495782787462515
  },
  "(1,0)": {
    "u": -1.582512992440505,
    "d": -2.183708698433221,
    "l": -2.7179703619586437,
    "r": -1.2965979736155075
  },
  "(1,1)": {
    "u": -0.3680710200196224,
    "d": -2.258831917298909,
    "l": -2.3229223684803904,
    "r": -1.4568864849025538
  },
  "(1,2)": {
    "u": 0.1731782721939341,
    "d": -1.078773729400146,
    "l": -0.858331773413742,
    "r": 1.02225978126455
  },
  "(1,3)": {
    "u": 2.3783769674136805,
    "d": -0.28802932352693217,
    "l": -0.2228827898831256,
    "r": 0.9011626056579466
  },
  "(1,4)": {
    "u": 2.303156984037995,
    "d": 1.319618292230504,
    "l": 1.1564740284110473,
    "r": 4.030861794744254
  },
  "(2,0)": {
    "u": -1.3287671081173826,
    "d": -1.159872654146884,
    "l": -2.075497524806096,
    "r": -0.3566489720947764
  },
  "(2,1)": {
    "u": 0.0,
    "d": 0.0,
    "l": 0.0,
    "r": 0.0
  },
  "(2,2)": {
    "u": 0.7891043183875451,
    "d": 1.196682585127803,
    "l": -0.060704296352339523,
    "r": 2.3556387061692905
  },
  "(2,3)": {
    "u": 0.0,
    "d": 0.0,
    "l": 0.0,
    "r": 0.0
  },
  "(2,4)": {
    "u": 4.4770319387944815,
    "d": 4.822600418958706,
    "l": 3.0746143983741,
    "r": 6.169622813175236
  },
  "(3,0)": {
    "u": 1.2063787348544526,
    "d": -0.21030049495117698,
    "l": -0.8843500876562691,
    "r": 0.35809528056711126
  },
  "(3,1)": {
    "u": 2.408429508585938,
    "d": 0.208448383926347,
    "l": 1.3047055573685242,
    "r": 2.4392626619794573
  },
  "(3,2)": {
    "u": 4.193478089000439,
    "d": 1.8060274940377572,
    "l": 1.8628787828195146,
    "r": 3.5396282359282125
  },
  "(3,3)": {
    "u": 6.442022890969899,
    "d": 3.231060252540083,
    "l": 4.892943943753254,
    "r": 5.831652214185627
  },
  "(3,4)": {
    "u": 6.880066454465448,
    "d": 5.195170163040127,
    "l": 4.694742902679865,
    "r": 8.16494864548595
  },
  "(4,0)": {
    "u": 2.117754970192768,
    "d": 0.6773507081462682,
    "l": 0.13057826570649814,
    "r": 0.8572354614231142
  },
  "(4,1)": {
    "u": 3.996369224302594,
    "d": 1.0461885137314004,
    "l": 1.56324826632395,
    "r": 2.9177425389023117
  },
  "(4,2)": {
    "u": 6.082969943430735,
    "d": 2.4585694228742407,
    "l": 3.001206835791918,
    "r": 3.971595258172954
  },
  "(4,3)": {
    "u": 8.642224470701716,
    "d": 4.291597711273069,
    "l": 5.504356728750338,
    "r": 6.584035040964646
  },
  "(4,4)": {
    "u": 0.0,
    "d": 0.0,
    "l": 0.0,
    "r": 0.0
  }
}