{
  "(0,0)": {
    "u": -2.60113479601701,
    "d": -3.0761208159266764,
    "l": -2.9082712576241447,
    "r": -2.296657376318718
  },
  "(0,1)": {
    "u": -1.686837650178231,
    "d": -2.2342966394115034,
    "l": -2.883902093848158,
    "r": -1.4104985854897765
  },
  "(0,2)": {
    "u": -0.5301744457165415,
    "d": -1.3536194372244135,
    "l": -2.105017987874681,
    "r": -0.3413775289993124
  },
  "(0,3)": {
    "u": 0.6217274952638959,
    "d": -0.1467948501529933,
    "l": -0.9939153026792493,
    "r": 0.7727408828404794
  },
  "(0,4)": {
    "u": 2.3878163820848535,
    "d": 0.7406792744600252,
    "l": 0.08900387958435133,
    "r": 1.0253067797729118
  },
  "(1,0)": {
    "u": -1.507351236693126,
    "d": -2.8706760828053595,
    "l": -2.32263864732085,
    "r": -2.0003289365515364
  },
  "(1,1)": {
    "u": -1.4302917931356163,
    "d": -2.0120377826133464,
    "l": -2.093368092877194,
    "r": -0.6117534639828021
  },
  "(1,2)": {
    "u": 1.0117022757087364,
    "d": -1.1486036431304882,
    "l": -0.9546341185980532,
    "r": 0.4452720900849139
  },
  "(1,3)": {
    "u": 0.7716888847352107,
    "d": 0.22275082015145276,
    "l": 0.19266431531985326,
    "r": 1.7550621930276578
  },
  "(1,4)": {
    "u": 4.343441741996767,
    "d": 1.0190795371095527,
    "l": 0.9517497721865176,
    "r": 3.027949668431872
  },
  "(2,0)": {
    "u": -0.5147862580052818,
    "d": -2.0937722610307046,
    "l": -1.4239716295849332,
    "r": -1.1638960006207952
  },
  "(2,1)": {
    "u": 0.0,
    "d": 0.0,
    "l": 0.0,
    "r": 0.0
  },
  "(2,2)": {
    "u": 2.5255567373363625,
    "d": 0.08686356406460491,
    "l": 1.1567255947135695,
    "r": 1.5171591683332861
  },
  "(2,3)": {
    "u": 0.0,
    "d": 0.0,
    "l": 0.0,
    "r": 0.0
  },
  "(2,4)": {
    "u": 6.211814646615513,
    "d": 3.4435491264135045,
    "l": 4.6111694582782965,
    "r": 4.692262453711788
  },
  "(3,0)": {
    "u": 0.4113081075406909,
    "d": -0.9950512476890435,
    "l": -0.21909690474845606,
    "r": 0.8627286434214595
  },
  "(3,1)": {
    "u": 1.9273002189935131,
    "d": 1.1670835736052985,
    "l": 0.45985850861329697,
    "r": 2.717681304087336
  },
  "(3,2)": {
    "u": 3.5114937874150205,
    "d": 1.4802626413975835,
    "l": 1.5181842041713802,
    "r": 4.6269160785026076
  },
  "(3,3)": {
    "u": 5.784744272239264,
    "d": 4.635847829399888,
    "l": 3.79900340548114,
    "r": 6.357738693874181
  },
  "(3,4)": {
    "u": 8.390391345939307,
    "d": 4.914669651928376,
    "l": 5.424129036842411,
    "r": 6.8083882678370236
  },
  "(4,0)": {
    "u": 0.963209429853375,
    "d": 0.5704293744813955,
    "l": 0.7093194856177851,
    "r": 2.186823508129116
  },
  "(4,1)": {
    "u": 2.517781635625604,
    "d": 1.9491877537262199,
    "l": 0.9995786871654349,
    "r": 3.711250153624932
  },
  "(4,2)": {
    "u": 4.4078993613410775,
    "d": 2.7527760020498206,
    "l": 2.918179807560449,
    "r": 5.4584851496542965
  },
  "(4,3)": {
    "u": 7.230102490251569,
    "d": 4.986783959681731,
    "l": 4.468133893992512,
    "r": 8.864589019435979
  },
  "(4,4)": {
    "u": 0.0,
    "d": 0.0,
    "l": 0.0,
    "r": 0.0
  }
}