{
  "(0,0)": {
    "u": -2.391190510942169,
    "d": -3.1214338036189813,
    "l": -2.9655997836305685,
    "r": -2.645961571106237
  },
  "(0,1)": {
    "u": -1.3598396861052284,
    "d": -2.8242703425839073,
    "l": -2.1393232876767287,
    "r": -1.8827873559856019
  },
  "(0,2)": {
    "u": -0.2671112665363465,
    "d": -1.7544726684641534,
    "l": -1.2112834050235233,
    "r": -0.7881328310708549
  },
  "(0,3)": {
    "u": 1.0798235640150278,
    "d": -0.9458331295137119,
    "l": -0.3046868782068106,
    "r": 0.3285161657941134
  },
  "(0,4)": {
    "u": 0.9479788925855813,
    "d": 0.33992280704285177,
    "l": 0.7830262406297939,
    "r": 2.498039788058681
  },
  "(1,0)": {
    "u": -1.8460649500359327,
    "d": -2.1677748813950966,
    "l": -2.847312292397633,
    "r": -1.6134016937924045
  },
  "(1,1)": {
    "u": -0.3225886624462526,
    "d": -2.2932649284093163,
    "l": -2.0579658248951094,
    "r": -1.447205424660688
  },
  "(1,2)": {
    "u": 1.0957789161623677,
    "d": -1.2097673959822446,
    "l": -1.070915532215225,
    "r": 0.23540888495013498
  },
  "(1,3)": {
    "u": 1.8976184698039857,
    "d": 0.0019743548139301986,
    "l": 0.17213685197271933,
    "r": 1.0900923557810713
  },
  "(1,4)": {
    "u": 2.5506069843054204,
    "d": 1.4721408086120242,
    "l": 1.0338196474849568,
    "r": 3.7694121088071046
  },
  "(2,0)": {
    "u": -1.729235874168822,
    "d": -1.438842571353065,
    "l": -1.9223081712758503,
    "r": -0.6071398314533182
  },
  "(2,1)": {
    "u": 0.0,
    "d": 0.0,
    "l": 0.0,
    "r": 0.0
  },
  "(2,2)": {
    "u": 1.2775384910304026,
    "d": 0.9515596927414907,
    "l": 0.15259795147272276,
    "r": 2.6227231430626254
  },
  "(2,3)": {
    "u": 0.0,
    "d": 0.0,
    "l": 0.0,
    "r": 0.0
  },
  "(2,4)": {
    "u": 5.090134699669292,
    "d": 4.379359959657699,
    "l": 2.898509369117856,
    "r": 6.215422546609125
  },
  "(3,0)": {
    "u": 0.5103259112196241,
    "d": -0.3137614402241221,
    "l": -0.6360706773219209,
    "r": 0.6750685372970768
  },
  "(3,1)": {
    "u": 2.4784930860084406,
    "d": 0.4372208808614981,
    "l": 1.4028305174224256,
    "r": 1.9901829025568505
  },
  "(3,2)": {
    "u": 3.6089440014410936,
    "d": 1.4980283698005374,
    "l": 1.2543881321095678,
    "r": 4.277487530525531
  },
  "(3,3)": {
    "u": 6.208825722324225,
    "d": 3.1440314379438186,
    "l": 4.674915548377852,
    "r": 5.776473525999117
  },
  "(3,4)": {
    "u": 6.480070747197909,
    "d": 4.7357086350317354,
    "l": 4.686660088278635,
    "r": 8.02303430880566
  },
  "(4,0)": {
    "u": 1.9092820862952848,
    "d": 0.7952607570544155,
    "l": 0.13866109120021003,
    "r": 1.0219529984538125
  },
  "(4,1)": {
    "u": 3.852776598766624,
    "d": 1.2084406399942091,
    "l": 1.5542071164264417,
    "r": 2.5267184151900546
  },
  "(4,2)": {
    "u": 5.8184595554338046,
    "d": 2.868325103438077,
    "l": 2.8339857226933822,
    "r": 4.376543586605457
  },
  "(4,3)": {
    "u": 7.6141926584589665,
    "d": 4.407258738999733,
    "l": 5.161548114073901,
    "r": 6.319174870730917
  },
  "(4,4)": {
    "u": 0.0,
    "d": 0.0,
    "l": 0.0,
    "r": 0.0
  }
}