{
  "(0,0)": {
    "u": -2.4426195518901688,
    "d": -2.9664773454290576,
    "l": -2.9944220916679027,
    "r": -2.604963985947397
  },
  "(0,1)": {
    "u": -1.3036785387132994,
    "d": -3.0172379634541957,
    "l": -2.196525595704437,
    "r": -1.8230368942192228
  },
  "(0,2)": {
    "u": -0.6956094003534227,
    "d": -2.039875263983374,
    "l": -1.2927055219835861,
    "r": 0.025431315293493024
  },
  "(0,3)": {
    "u": 0.6952347266387805,
    "d": -0.722876615741556,
    "l": -0.335501401122189,
    "r": 0.2718320934425685
  },
  "(0,4)": {
    "u": 1.0611499802173343,
    "d": -0.057339572016744236,
    "l": 0.8130462246796818,
    "r": 2.308387131568283
  },
  "(1,0)": {
    "u": -2.01137911779942,
    "d": -2.159295931468395,
    "l": -2.8021846595380993,
    "r": -1.235962412736749
  },
  "(1,1)": {
    "u": -0.38617531096551116,
    "d": -2.2902951705617216,
    "l": -2.0409795122328434,
    "r": -1.5983057322758285
  },
  "(1,2)": {
    "u": 0.34945311784988387,
    "d": -1.3862930797865387,
    "l": -1.2947361594626814,
    "r": 1.4998248248514574
  },
  "(1,3)": {
    "u": 2.093564630313413,
    "d": -0.20273616194917082,
    "l": -0.25833114747876734,
    "r": 0.8303211051886121
  },
  "(1,4)": {
    "u": 2.8146212093078047,
    "d": 1.4037380942757525,
    "l": 1.1190472277530494,
    "r": 4.480815097307603
  },
  "(2,0)": {
    "u": -1.2470729183382616,
    "d": -1.115106251714765,
    "l": -2.0912511039875135,
    "r": 0.05234666445480899
  },
  "(2,1)": {
    "u": 0.0,
    "d": 0.0,
    "l": 0.0,
    "r": 0.0
  },
  "(2,2)": {
    "u": 1.3471597076228936,
    "d": 1.4317106774977921,
    "l": 0.09709039860933547,
    "r": 3.0507231156820556
  },
  "(2,3)": {
    "u": 0.0,
    "d": 0.0,
    "l": 0.0,
    "r": 0.0
  },
  "(2,4)": {
    "u": 4.9101955061992015,
    "d": 4.555877027389249,
    "l": 2.913810290938512,
    "r": 6.347533354497461
  },
  "(3,0)": {
    "u": 1.4266359546627023,
    "d": -0.010642533702912644,
    "l": -0.740740991610429,
    "r": 0.7675211505239254
  },
  "(3,1)": {
    "u": 2.8542959332874247,
    "d": 0.6961690170472586,
    "l": 1.0054120912664164,
    "r": 2.212867350654851
  },
  "(3,2)": {
    "u": 4.777521276978061,
    "d": 1.7476429617979026,
    "l": 1.9766032622630703,
    "r": 3.949439867947164
  },
  "(3,3)": {
    "u": 6.5578256172059115,
    "d": 3.4879665526840298,
    "l": 4.540355171541044,
    "r": 5.835258616059947
  },
  "(3,4)": {
    "u": 6.799027986999231,
    "d": 6.1147929722981695,
    "l": 4.522590612519589,
    "r": 8.211256501723863
  },
  "(4,0)": {
    "u": 1.9376311389884104,
    "d": 0.7473739752556108,
    "l": -0.07138658913727776,
    "r": 1.1657878712813545
  },
  "(4,1)": {
    "u": 4.608320576654499,
    "d": 1.3135726824007827,
    "l": 1.541244180161592,
    "r": 2.720085835510576
  },
  "(4,2)": {
    "u": 6.043353824042748,
    "d": 2.6902877834653616,
    "l": 2.8265583937737757,
    "r": 4.2567664658128574
  },
  "(4,3)": {
    "u": 8.621693411148222,
    "d": 4.55455608757552,
    "l": 4.723949880430227,
    "r": 6.574489733962123
  },
  "(4,4)": {
    "u": 0.0,
    "d": 0.0,
    "l": 0.0,
    "r": 0.0
  }
}