{
  "title": "task1_Q_values",
  "description": "Q-values for state-action pairs",
  "shape": [
    5,
    5,
    4
  ],
  "action_map": {
    "0": "UP",
    "1": "DOWN",
    "2": "LEFT",
    "3": "RIGHT"
  },
  "q_values": {
    "(0,0)": [
      -2.3079842013697935,
      -2.9974532961484335,
      -2.9910023205138514,
      -2.3531410308118677
    ],
    "(0,1)": [
      -1.5703068558581217,
      -2.263194165994174,
      -2.831109721168679,
      -1.4220657078484886
    ],
    "(0,2)": [
      -0.3509787208784392,
      -1.3133220901203349,
      -1.9667707431739132,
      -0.4039344912126318
    ],
    "(0,3)": [
      0.6495833299839391,
      -0.3058424934017707,
      -0.998539330701961,
      0.7485400210268235
    ],
    "(0,4)": [
      2.075520301673403,
      0.7485400210268235,
      0.07841496064514979,
      1.0338407840308597
    ],
    "(1,0)": [
      -1.3503883685212559,
      -2.824658745534097,
      -2.203433065455936,
      -1.5621535603965404
    ],
    "(1,1)": [
      -1.3638302978555548,
      -2.0567176079916067,
      -2.141640626390039,
      -0.45972233860659284
    ],
    "(1,2)": [
      0.9856092182998278,
      -1.1072829484301148,
      -1.132564833351855,
      0.6928099318590839
    ],
    "(1,3)": [
      0.9357487862199986,
      -0.019677037165711286,
      -0.03619596146006531,
      2.0755203016734027
    ],
    "(1,4)": [
      3.9185484502640997,
      1.0338407840308597,
      1.2285567072291923,
      2.555536987875772
    ],
    "(2,0)": [
      -0.26038663618867897,
      -2.0191492683293313,
      -1.2107029776360987,
      -1.2107029776360987
    ],
    "(2,1)": [
      1.138159228768693,
      -1.1244115378902737,
      -0.9874070845564604,
      1.0402587184808314
    ],
    "(2,2)": [
      2.5558158534304507,
      0.16968547021343794,
      1.3158633662315995,
      1.3158633662315995
    ],
    "(2,3)": [
      4.315544303160404,
      1.271783309104337,
      1.5942511882082038,
      4.133146039440286
    ],
    "(2,4)": [
      6.082058701940124,
      2.9161254461549273,
      4.4801626423180725,
      4.4801626423180725
    ],
    "(3,0)": [
      0.8133698823459016,
      -0.8477216936713033,
      -0.05275018918652835,
      1.092337450391182
    ],
    "(3,1)": [
      2.249454460593703,
      1.41685209572312,
      0.3734509067911842,
      2.6827369456509906
    ],
    "(3,2)": [
      4.0608744474007485,
      1.6489006883892072,
      1.6931141740247972,
      4.299679166632837
    ],
    "(3,3)": [
      6.122670277527052,
      4.673517735151342,
      3.4114469659911415,
      6.302966101692795
    ],
    "(3,4)": [
      8.315677966100989,
      4.694760231494258,
      5.085520876390256,
      6.534673418765966
    ],
    "(4,0)": [
      1.0033364562185687,
      0.3162062301078146,
      0.756125205662532,
      2.046684984000071
    ],
    "(4,1)": [
      2.479894760517869,
      1.6472923956472862,
      1.0605811329019381,
      3.8391291189335663
    ],
    "(4,2)": [
      4.346093810806535,
      3.1897016375239593,
      2.6826642371115,
      5.905779407224667
    ],
    "(4,3)": [
      6.518808282238398,
      5.0696557398626885,
      4.567839139273717,
      8.315677966100989
    ],
    "(4,4)": [
      8.748411016948976,
      6.735699152540783,
      6.735699152540783,
      8.748411016948975
    ]
  }
}