{
  "title": "ValueIteration_Q_values",
  "description": "Q-values for state-action pairs",
  "shape": [
    5,
    5,
    4
  ],
  "action_map": {
    "0": "UP",
    "1": "DOWN",
    "2": "LEFT",
    "3": "RIGHT"
  },
  "q_values": {
    "(0,0)": [
      -2.353141030811868,
      -2.9910023205138514,
      -2.9974532961484335,
      -2.3079842013697935
    ],
    "(0,1)": [
      -1.4220657078484886,
      -2.831109721168679,
      -2.2631941659941743,
      -1.5703068558581217
    ],
    "(0,2)": [
      -0.4039344912126318,
      -1.9667707431739136,
      -1.313322090120335,
      -0.3509787208784393
    ],
    "(0,3)": [
      0.7485400210268235,
      -0.998539330701961,
      -0.3058424934017707,
      0.6495833299839391
    ],
    "(0,4)": [
      1.0338407840308597,
      0.0784149606451498,
      0.7485400210268235,
      2.0755203016734027
    ],
    "(1,0)": [
      -1.5621535603965404,
      -2.203433065455936,
      -2.824658745534097,
      -1.3503883685212559
    ],
    "(1,1)": [
      -0.4597223386065929,
      -2.141640626390039,
      -2.0567176079916076,
      -1.363830297855555
    ],
    "(1,2)": [
      0.6928099318590838,
      -1.1325648333518552,
      -1.1072829484301145,
      0.9856092182998274
    ],
    "(1,3)": [
      2.075520301673403,
      -0.036195961460065304,
      -0.019677037165711307,
      0.9357487862199986
    ],
    "(1,4)": [
      2.5555369878757714,
      1.2285567072291923,
      1.0338407840308597,
      3.9185484502640993
    ],
    "(2,0)": [
      -1.2107029776360987,
      -1.2107029776360987,
      -2.0191492683293313,
      -0.26038663618867897
    ],
    "(2,1)": [
      1.0402587184808307,
      -0.9874070845564605,
      -1.124411537890274,
      1.1381592287686921
    ],
    "(2,2)": [
      1.315863366231599,
      1.315863366231599,
      0.16968547021343783,
      2.5558158534304507
    ],
    "(2,3)": [
      4.133146039440286,
      1.594251188208203,
      1.2717833091043367,
      4.3155443031604035
    ],
    "(2,4)": [
      4.480162642318072,
      4.480162642318072,
      2.9161254461549264,
      6.082058701940124
    ],
    "(3,0)": [
      1.0923374503911814,
      -0.05275018918652834,
      -0.8477216936713035,
      0.8133698823459015
    ],
    "(3,1)": [
      2.6827369456509906,
      0.3734509067911841,
      1.4168520957231194,
      2.249454460593703
    ],
    "(3,2)": [
      4.299679166632837,
      1.6931141740247964,
      1.6489006883892066,
      4.0608744474007485
    ],
    "(3,3)": [
      6.302966101692795,
      3.4114469659911415,
      4.673517735151341,
      6.122670277527051
    ],
    "(3,4)": [
      6.534673418765966,
      5.085520876390255,
      4.694760231494257,
      8.315677966100989
    ],
    "(4,0)": [
      2.046684984000071,
      0.756125205662532,
      0.3162062301078146,
      1.0033364562185685
    ],
    "(4,1)": [
      3.839129118933567,
      1.0605811329019381,
      1.6472923956472856,
      2.479894760517869
    ],
    "(4,2)": [
      5.905779407224667,
      2.6826642371115006,
      3.1897016375239593,
      4.3460938108065355
    ],
    "(4,3)": [
      8.315677966100989,
      4.567839139273717,
      5.069655739862688,
      6.518808282238398
    ],
    "(4,4)": [
      8.748411016948976,
      6.735699152540783,
      6.735699152540783,
      8.748411016948975
    ]
  }
}